,class,density,good/bad,no_tags,pos,url
0,0,0.5122,0,1,0.0,http://www.foxnews.com/
1,['time-stamp'],0.0,0,0,0.0088,http://www.foxnews.com/
2,['more'],0.1277,0,2,0.0175,http://www.foxnews.com/
3,"['more', 'alt']",0.1964,0,2,0.0263,http://www.foxnews.com/
4,['media'],0.0066,0,1,0.0351,http://www.foxnews.com/
5,['summary'],0.8951,1,1,0.0439,http://www.foxnews.com/
6,['media'],0.0,0,1,0.0526,http://www.foxnews.com/
7,['summary'],0.0,0,0,0.0614,http://www.foxnews.com/
8,['media'],0.0,0,1,0.0702,http://www.foxnews.com/
9,['summary'],0.0,0,0,0.0789,http://www.foxnews.com/
10,['media'],0.0,0,1,0.0877,http://www.foxnews.com/
11,['summary'],0.0,0,0,0.0965,http://www.foxnews.com/
12,['day'],0.2083,0,0,0.1053,http://www.foxnews.com/
13,['media'],0.0,0,0,0.114,http://www.foxnews.com/
14,['current'],0.0,0,0,0.1228,http://www.foxnews.com/
15,['details'],0.2676,0,2,0.1316,http://www.foxnews.com/
16,['external-rel'],0.0,0,1,0.1404,http://www.foxnews.com/
17,['media'],0.0,0,1,0.1491,http://www.foxnews.com/
18,['summary'],0.0,0,0,0.1579,http://www.foxnews.com/
19,['media'],0.0,0,1,0.1667,http://www.foxnews.com/
20,['summary'],0.0,0,0,0.1754,http://www.foxnews.com/
21,['media'],0.0,0,1,0.1842,http://www.foxnews.com/
22,['summary'],0.0,0,0,0.193,http://www.foxnews.com/
23,['media'],0.0,0,1,0.2018,http://www.foxnews.com/
24,['summary'],0.0,0,0,0.2105,http://www.foxnews.com/
25,['media'],0.0,0,1,0.2193,http://www.foxnews.com/
26,['summary'],0.0,0,0,0.2281,http://www.foxnews.com/
27,['media'],0.0,0,1,0.2368,http://www.foxnews.com/
28,['summary'],0.0,0,0,0.2456,http://www.foxnews.com/
29,['media'],0.0,0,1,0.2544,http://www.foxnews.com/
30,['summary'],0.0,0,0,0.2632,http://www.foxnews.com/
31,['media'],0.0,0,1,0.2719,http://www.foxnews.com/
32,['summary'],0.0,0,0,0.2807,http://www.foxnews.com/
33,['media'],0.0,0,1,0.2895,http://www.foxnews.com/
34,['summary'],0.0,0,0,0.2982,http://www.foxnews.com/
35,['media'],0.0,0,1,0.307,http://www.foxnews.com/
36,['summary'],0.0,0,0,0.3158,http://www.foxnews.com/
37,['media'],0.0,0,1,0.3246,http://www.foxnews.com/
38,['summary'],0.0,0,0,0.3333,http://www.foxnews.com/
39,['media'],0.0,0,1,0.3421,http://www.foxnews.com/
40,['summary'],0.0,0,0,0.3509,http://www.foxnews.com/
41,['media'],0.0,0,1,0.3596,http://www.foxnews.com/
42,['summary'],0.0,0,0,0.3684,http://www.foxnews.com/
43,['media'],0.0,0,1,0.3772,http://www.foxnews.com/
44,['summary'],0.0,0,0,0.386,http://www.foxnews.com/
45,['media'],0.0,0,1,0.3947,http://www.foxnews.com/
46,['summary'],0.843,1,0,0.4035,http://www.foxnews.com/
47,['media'],0.0,0,1,0.4123,http://www.foxnews.com/
48,['summary'],0.893,1,0,0.4211,http://www.foxnews.com/
49,['media'],0.0,0,1,0.4298,http://www.foxnews.com/
50,['relation'],0.3846,0,0,0.4386,http://www.foxnews.com/
51,['summary'],0.3793,0,2,0.4474,http://www.foxnews.com/
52,['media'],0.0,0,1,0.4561,http://www.foxnews.com/
53,['relation'],0.3684,0,0,0.4649,http://www.foxnews.com/
54,['summary'],0.5965,0,0,0.4737,http://www.foxnews.com/
55,['media'],0.0,0,1,0.4825,http://www.foxnews.com/
56,['relation'],0.2258,0,0,0.4912,http://www.foxnews.com/
57,['summary'],0.3379,0,2,0.5,http://www.foxnews.com/
58,['media'],0.0,0,1,0.5088,http://www.foxnews.com/
59,['relation'],0.1724,0,0,0.5175,http://www.foxnews.com/
60,['summary'],0.508,1,2,0.5263,http://www.foxnews.com/
61,['media'],0.0,0,1,0.5351,http://www.foxnews.com/
62,['relation'],0.3684,0,0,0.5439,http://www.foxnews.com/
63,['summary'],0.3231,0,2,0.5526,http://www.foxnews.com/
64,['media'],0.0,0,1,0.5614,http://www.foxnews.com/
65,['relation'],0.25,0,0,0.5702,http://www.foxnews.com/
66,['summary'],0.5306,0,0,0.5789,http://www.foxnews.com/
67,['media'],0.0,0,1,0.5877,http://www.foxnews.com/
68,['relation'],0.3171,0,0,0.5965,http://www.foxnews.com/
69,['summary'],0.3908,0,2,0.6053,http://www.foxnews.com/
70,['media'],0.0,0,1,0.614,http://www.foxnews.com/
71,['relation'],0.4286,0,0,0.6228,http://www.foxnews.com/
72,['summary'],0.7051,0,0,0.6316,http://www.foxnews.com/
73,['media'],0.0,0,1,0.6404,http://www.foxnews.com/
74,['relation'],0.3514,0,0,0.6491,http://www.foxnews.com/
75,['summary'],0.716,0,0,0.6579,http://www.foxnews.com/
76,['media'],0.0,0,1,0.6667,http://www.foxnews.com/
77,['relation'],0.3684,0,0,0.6754,http://www.foxnews.com/
78,['summary'],0.7229,0,0,0.6842,http://www.foxnews.com/
79,['media'],0.0,0,1,0.693,http://www.foxnews.com/
80,['relation'],0.4894,0,0,0.7018,http://www.foxnews.com/
81,['summary'],0.7051,0,0,0.7105,http://www.foxnews.com/
82,['media'],0.0,0,1,0.7193,http://www.foxnews.com/
83,['relation'],0.2941,0,0,0.7281,http://www.foxnews.com/
84,['summary'],0.716,0,0,0.7368,http://www.foxnews.com/
85,['media'],0.0,0,1,0.7456,http://www.foxnews.com/
86,['relation'],0.3846,0,0,0.7544,http://www.foxnews.com/
87,['summary'],0.3943,0,2,0.7632,http://www.foxnews.com/
88,['media'],0.0,0,1,0.7719,http://www.foxnews.com/
89,['relation'],0.4783,0,0,0.7807,http://www.foxnews.com/
90,['summary'],0.2983,0,1,0.7895,http://www.foxnews.com/
91,['media'],0.0,0,1,0.7982,http://www.foxnews.com/
92,['relation'],0.2727,0,0,0.807,http://www.foxnews.com/
93,['summary'],0.374,0,2,0.8158,http://www.foxnews.com/
94,['media'],0.0,0,1,0.8246,http://www.foxnews.com/
95,['relation'],0.3846,0,0,0.8333,http://www.foxnews.com/
96,['summary'],0.5208,0,0,0.8421,http://www.foxnews.com/
97,['media'],0.0,0,1,0.8509,http://www.foxnews.com/
98,['relation'],0.25,0,0,0.8596,http://www.foxnews.com/
99,['summary'],0.6406,0,0,0.8684,http://www.foxnews.com/
100,['media'],0.0,0,1,0.8772,http://www.foxnews.com/
101,['relation'],0.2258,0,0,0.886,http://www.foxnews.com/
102,['summary'],0.6714,0,0,0.8947,http://www.foxnews.com/
103,0,0.125,0,0,0.9035,http://www.foxnews.com/
104,0,0.125,0,0,0.9123,http://www.foxnews.com/
105,0,0.125,0,0,0.9211,http://www.foxnews.com/
106,0,0.125,0,0,0.9298,http://www.foxnews.com/
107,0,0.125,0,0,0.9386,http://www.foxnews.com/
108,['relation'],0.1084,0,1,0.9474,http://www.foxnews.com/
109,['relation'],0.13,0,1,0.9561,http://www.foxnews.com/
110,['relation'],0.2258,0,1,0.9649,http://www.foxnews.com/
111,['relation'],0.1165,0,1,0.9737,http://www.foxnews.com/
112,['thank-you'],0.6575,0,0,0.9825,http://www.foxnews.com/
113,['summary'],0.875,0,0,0.9912,http://www.foxnews.com/
114,0,0.7308,0,0,0.0,http://www.foxnews.com/politics/2014/08/07/millions-uninsured-americans-exempt-from-obamacare-penalties-in-2016-watchdog/
115,0,0.0073,0,1,0.0476,http://www.foxnews.com/politics/2014/08/07/millions-uninsured-americans-exempt-from-obamacare-penalties-in-2016-watchdog/
116,0,0.9655,1,0,0.0952,http://www.foxnews.com/politics/2014/08/07/millions-uninsured-americans-exempt-from-obamacare-penalties-in-2016-watchdog/
117,0,0.7195,1,1,0.1429,http://www.foxnews.com/politics/2014/08/07/millions-uninsured-americans-exempt-from-obamacare-penalties-in-2016-watchdog/
118,['advert-txt'],0.3333,0,0,0.1905,http://www.foxnews.com/politics/2014/08/07/millions-uninsured-americans-exempt-from-obamacare-penalties-in-2016-watchdog/
119,['advert-txt'],0.3333,0,0,0.2381,http://www.foxnews.com/politics/2014/08/07/millions-uninsured-americans-exempt-from-obamacare-penalties-in-2016-watchdog/
120,0,0.9797,1,0,0.2857,http://www.foxnews.com/politics/2014/08/07/millions-uninsured-americans-exempt-from-obamacare-penalties-in-2016-watchdog/
121,0,0.9764,1,0,0.3333,http://www.foxnews.com/politics/2014/08/07/millions-uninsured-americans-exempt-from-obamacare-penalties-in-2016-watchdog/
122,0,0.9866,1,0,0.381,http://www.foxnews.com/politics/2014/08/07/millions-uninsured-americans-exempt-from-obamacare-penalties-in-2016-watchdog/
123,0,0.979,1,0,0.4286,http://www.foxnews.com/politics/2014/08/07/millions-uninsured-americans-exempt-from-obamacare-penalties-in-2016-watchdog/
124,0,0.9807,1,0,0.4762,http://www.foxnews.com/politics/2014/08/07/millions-uninsured-americans-exempt-from-obamacare-penalties-in-2016-watchdog/
125,0,0.9764,1,0,0.5238,http://www.foxnews.com/politics/2014/08/07/millions-uninsured-americans-exempt-from-obamacare-penalties-in-2016-watchdog/
126,0,0.9763,1,0,0.5714,http://www.foxnews.com/politics/2014/08/07/millions-uninsured-americans-exempt-from-obamacare-penalties-in-2016-watchdog/
127,0,0.2328,0,1,0.619,http://www.foxnews.com/politics/2014/08/07/millions-uninsured-americans-exempt-from-obamacare-penalties-in-2016-watchdog/
128,['advert-txt'],0.3333,0,0,0.6667,http://www.foxnews.com/politics/2014/08/07/millions-uninsured-americans-exempt-from-obamacare-penalties-in-2016-watchdog/
129,['advert-txt'],0.3333,0,0,0.7143,http://www.foxnews.com/politics/2014/08/07/millions-uninsured-americans-exempt-from-obamacare-penalties-in-2016-watchdog/
130,0,0.3,0,0,0.7619,http://www.foxnews.com/politics/2014/08/07/millions-uninsured-americans-exempt-from-obamacare-penalties-in-2016-watchdog/
131,0,0.3,0,0,0.8095,http://www.foxnews.com/politics/2014/08/07/millions-uninsured-americans-exempt-from-obamacare-penalties-in-2016-watchdog/
132,0,0.3,0,0,0.8571,http://www.foxnews.com/politics/2014/08/07/millions-uninsured-americans-exempt-from-obamacare-penalties-in-2016-watchdog/
133,0,0.3,0,0,0.9048,http://www.foxnews.com/politics/2014/08/07/millions-uninsured-americans-exempt-from-obamacare-penalties-in-2016-watchdog/
134,0,0.5382,0,3,0.9524,http://www.foxnews.com/politics/2014/08/07/millions-uninsured-americans-exempt-from-obamacare-penalties-in-2016-watchdog/
135,0,0.3099,0,1,0.0,http://www.yelp.com/list/burrito-mania-melrose-park-2
136,0,0.4444,0,2,0.0053,http://www.yelp.com/list/burrito-mania-melrose-park-2
137,0,0.125,0,0,0.0106,http://www.yelp.com/list/burrito-mania-melrose-park-2
138,['list_comment'],0.6917,1,3,0.016,http://www.yelp.com/list/burrito-mania-melrose-park-2
139,"['review-intro', 'review-message']",0.4267,0,0,0.0213,http://www.yelp.com/list/burrito-mania-melrose-park-2
140,"['smallest', 'userCompLink']",0.0436,0,3,0.0266,http://www.yelp.com/list/burrito-mania-melrose-park-2
141,0,0.4444,0,2,0.0319,http://www.yelp.com/list/burrito-mania-melrose-park-2
142,0,0.125,0,0,0.0372,http://www.yelp.com/list/burrito-mania-melrose-park-2
143,['list_comment'],0.7315,1,1,0.0426,http://www.yelp.com/list/burrito-mania-melrose-park-2
144,"['review-intro', 'review-message']",0.4267,0,0,0.0479,http://www.yelp.com/list/burrito-mania-melrose-park-2
145,['review_comment'],0.7082,0,1,0.0532,http://www.yelp.com/list/burrito-mania-melrose-park-2
146,"['smallest', 'userCompLink']",0.0445,0,3,0.0585,http://www.yelp.com/list/burrito-mania-melrose-park-2
147,0,0.4118,0,3,0.0638,http://www.yelp.com/list/burrito-mania-melrose-park-2
148,0,0.125,0,0,0.0691,http://www.yelp.com/list/burrito-mania-melrose-park-2
149,['list_comment'],0.7023,1,3,0.0745,http://www.yelp.com/list/burrito-mania-melrose-park-2
150,"['review-intro', 'review-message']",0.4267,0,0,0.0798,http://www.yelp.com/list/burrito-mania-melrose-park-2
151,"['smallest', 'userCompLink']",0.0443,0,3,0.0851,http://www.yelp.com/list/burrito-mania-melrose-park-2
152,0,0.4944,0,2,0.0904,http://www.yelp.com/list/burrito-mania-melrose-park-2
153,0,0.8409,0,0,0.0957,http://www.yelp.com/list/burrito-mania-melrose-park-2
154,['list_comment'],0.7207,1,3,0.1011,http://www.yelp.com/list/burrito-mania-melrose-park-2
155,"['review-intro', 'review-message']",0.4267,0,0,0.1064,http://www.yelp.com/list/burrito-mania-melrose-park-2
156,['review_comment'],0.7094,0,1,0.1117,http://www.yelp.com/list/burrito-mania-melrose-park-2
157,"['smallest', 'userCompLink']",0.0447,0,3,0.117,http://www.yelp.com/list/burrito-mania-melrose-park-2
158,0,0.4356,0,2,0.1223,http://www.yelp.com/list/burrito-mania-melrose-park-2
159,0,0.125,0,0,0.1277,http://www.yelp.com/list/burrito-mania-melrose-park-2
160,['list_comment'],0.7278,1,1,0.133,http://www.yelp.com/list/burrito-mania-melrose-park-2
161,"['review-intro', 'review-message']",0.4267,0,0,0.1383,http://www.yelp.com/list/burrito-mania-melrose-park-2
162,"['smallest', 'userCompLink']",0.0442,0,3,0.1436,http://www.yelp.com/list/burrito-mania-melrose-park-2
163,0,0.4356,0,2,0.1489,http://www.yelp.com/list/burrito-mania-melrose-park-2
164,0,0.125,0,0,0.1543,http://www.yelp.com/list/burrito-mania-melrose-park-2
165,['list_comment'],0.7246,1,1,0.1596,http://www.yelp.com/list/burrito-mania-melrose-park-2
166,"['review-intro', 'review-message']",0.4267,0,0,0.1649,http://www.yelp.com/list/burrito-mania-melrose-park-2
167,['review_comment'],0.7082,0,1,0.1702,http://www.yelp.com/list/burrito-mania-melrose-park-2
168,"['smallest', 'userCompLink']",0.0441,0,3,0.1755,http://www.yelp.com/list/burrito-mania-melrose-park-2
169,0,0.4114,0,3,0.1809,http://www.yelp.com/list/burrito-mania-melrose-park-2
170,0,0.125,0,0,0.1862,http://www.yelp.com/list/burrito-mania-melrose-park-2
171,['list_comment'],0.7032,1,1,0.1915,http://www.yelp.com/list/burrito-mania-melrose-park-2
172,"['review-intro', 'review-message']",0.4267,0,0,0.1968,http://www.yelp.com/list/burrito-mania-melrose-park-2
173,"['smallest', 'userCompLink']",0.0435,0,3,0.2021,http://www.yelp.com/list/burrito-mania-melrose-park-2
174,0,0.4536,0,2,0.2074,http://www.yelp.com/list/burrito-mania-melrose-park-2
175,0,0.125,0,0,0.2128,http://www.yelp.com/list/burrito-mania-melrose-park-2
176,['list_comment'],0.6899,1,1,0.2181,http://www.yelp.com/list/burrito-mania-melrose-park-2
177,"['review-intro', 'review-message']",0.4267,0,0,0.2234,http://www.yelp.com/list/burrito-mania-melrose-park-2
178,['review_comment'],0.7106,0,1,0.2287,http://www.yelp.com/list/burrito-mania-melrose-park-2
179,"['smallest', 'userCompLink']",0.0434,0,3,0.234,http://www.yelp.com/list/burrito-mania-melrose-park-2
180,0,0.449,0,2,0.2394,http://www.yelp.com/list/burrito-mania-melrose-park-2
181,0,0.125,0,0,0.2447,http://www.yelp.com/list/burrito-mania-melrose-park-2
182,['list_comment'],0.7333,1,1,0.25,http://www.yelp.com/list/burrito-mania-melrose-park-2
183,"['review-intro', 'review-message']",0.4267,0,0,0.2553,http://www.yelp.com/list/burrito-mania-melrose-park-2
184,"['smallest', 'userCompLink']",0.0446,0,3,0.2606,http://www.yelp.com/list/burrito-mania-melrose-park-2
185,0,0.4356,0,2,0.266,http://www.yelp.com/list/burrito-mania-melrose-park-2
186,0,0.125,0,0,0.2713,http://www.yelp.com/list/burrito-mania-melrose-park-2
187,"['review-intro', 'review-message']",0.4267,0,0,0.2819,http://www.yelp.com/list/burrito-mania-melrose-park-2
188,['review_comment'],0.7106,0,1,0.2872,http://www.yelp.com/list/burrito-mania-melrose-park-2
189,"['smallest', 'userCompLink']",0.0439,0,3,0.2926,http://www.yelp.com/list/burrito-mania-melrose-park-2
190,0,0.4731,0,2,0.2979,http://www.yelp.com/list/burrito-mania-melrose-park-2
191,0,0.125,0,0,0.3032,http://www.yelp.com/list/burrito-mania-melrose-park-2
192,['list_comment'],0.733,1,1,0.3085,http://www.yelp.com/list/burrito-mania-melrose-park-2
193,"['review-intro', 'review-message']",0.4267,0,0,0.3138,http://www.yelp.com/list/burrito-mania-melrose-park-2
194,"['smallest', 'userCompLink']",0.0445,0,3,0.3191,http://www.yelp.com/list/burrito-mania-melrose-park-2
195,0,0.4444,0,2,0.3245,http://www.yelp.com/list/burrito-mania-melrose-park-2
196,0,0.125,0,0,0.3298,http://www.yelp.com/list/burrito-mania-melrose-park-2
197,['list_comment'],0.6974,1,1,0.3351,http://www.yelp.com/list/burrito-mania-melrose-park-2
198,"['review-intro', 'review-message']",0.4267,0,0,0.3404,http://www.yelp.com/list/burrito-mania-melrose-park-2
199,"['smallest', 'userCompLink']",0.0432,0,3,0.3457,http://www.yelp.com/list/burrito-mania-melrose-park-2
200,0,0.4731,0,2,0.3511,http://www.yelp.com/list/burrito-mania-melrose-park-2
201,0,0.125,0,0,0.3564,http://www.yelp.com/list/burrito-mania-melrose-park-2
202,['list_comment'],0.7278,1,1,0.3617,http://www.yelp.com/list/burrito-mania-melrose-park-2
203,"['review-intro', 'review-message']",0.4267,0,0,0.367,http://www.yelp.com/list/burrito-mania-melrose-park-2
204,"['smallest', 'userCompLink']",0.0442,0,3,0.3723,http://www.yelp.com/list/burrito-mania-melrose-park-2
205,0,0.4536,0,2,0.3777,http://www.yelp.com/list/burrito-mania-melrose-park-2
206,0,0.125,0,0,0.383,http://www.yelp.com/list/burrito-mania-melrose-park-2
207,['list_comment'],0.7139,1,3,0.3883,http://www.yelp.com/list/burrito-mania-melrose-park-2
208,"['review-intro', 'review-message']",0.4267,0,0,0.3936,http://www.yelp.com/list/burrito-mania-melrose-park-2
209,"['smallest', 'userCompLink']",0.0446,0,3,0.3989,http://www.yelp.com/list/burrito-mania-melrose-park-2
210,0,0.4536,0,2,0.4043,http://www.yelp.com/list/burrito-mania-melrose-park-2
211,0,0.125,0,0,0.4096,http://www.yelp.com/list/burrito-mania-melrose-park-2
212,['list_comment'],0.6995,1,3,0.4149,http://www.yelp.com/list/burrito-mania-melrose-park-2
213,"['review-intro', 'review-message']",0.4267,0,0,0.4202,http://www.yelp.com/list/burrito-mania-melrose-park-2
214,"['smallest', 'userCompLink']",0.0439,0,3,0.4255,http://www.yelp.com/list/burrito-mania-melrose-park-2
215,0,0.4632,0,2,0.4309,http://www.yelp.com/list/burrito-mania-melrose-park-2
216,0,0.125,0,0,0.4362,http://www.yelp.com/list/burrito-mania-melrose-park-2
217,['list_comment'],0.7204,1,1,0.4415,http://www.yelp.com/list/burrito-mania-melrose-park-2
218,"['review-intro', 'review-message']",0.4267,0,0,0.4468,http://www.yelp.com/list/burrito-mania-melrose-park-2
219,"['smallest', 'userCompLink']",0.044,0,3,0.4521,http://www.yelp.com/list/burrito-mania-melrose-park-2
220,0,0.4356,0,2,0.4574,http://www.yelp.com/list/burrito-mania-melrose-park-2
221,0,0.125,0,0,0.4628,http://www.yelp.com/list/burrito-mania-melrose-park-2
222,['list_comment'],0.687,1,3,0.4681,http://www.yelp.com/list/burrito-mania-melrose-park-2
223,"['review-intro', 'review-message']",0.4267,0,0,0.4734,http://www.yelp.com/list/burrito-mania-melrose-park-2
224,"['smallest', 'userCompLink']",0.0433,0,3,0.4787,http://www.yelp.com/list/burrito-mania-melrose-park-2
225,0,0.449,0,2,0.484,http://www.yelp.com/list/burrito-mania-melrose-park-2
226,0,0.125,0,0,0.4894,http://www.yelp.com/list/burrito-mania-melrose-park-2
227,['list_comment'],0.7132,1,1,0.4947,http://www.yelp.com/list/burrito-mania-melrose-park-2
228,"['review-intro', 'review-message']",0.4267,0,0,0.5,http://www.yelp.com/list/burrito-mania-melrose-park-2
229,['review_comment'],0.7031,0,1,0.5053,http://www.yelp.com/list/burrito-mania-melrose-park-2
230,"['smallest', 'userCompLink']",0.0436,0,3,0.5106,http://www.yelp.com/list/burrito-mania-melrose-park-2
231,0,0.4356,0,2,0.516,http://www.yelp.com/list/burrito-mania-melrose-park-2
232,0,0.125,0,0,0.5213,http://www.yelp.com/list/burrito-mania-melrose-park-2
233,['list_comment'],0.7342,1,1,0.5266,http://www.yelp.com/list/burrito-mania-melrose-park-2
234,"['review-intro', 'review-message']",0.4267,0,0,0.5319,http://www.yelp.com/list/burrito-mania-melrose-park-2
235,"['smallest', 'userCompLink']",0.0446,0,3,0.5372,http://www.yelp.com/list/burrito-mania-melrose-park-2
236,0,0.4356,0,2,0.5426,http://www.yelp.com/list/burrito-mania-melrose-park-2
237,0,0.125,0,0,0.5479,http://www.yelp.com/list/burrito-mania-melrose-park-2
238,['list_comment'],0.7154,1,1,0.5532,http://www.yelp.com/list/burrito-mania-melrose-park-2
239,"['review-intro', 'review-message']",0.4267,0,0,0.5585,http://www.yelp.com/list/burrito-mania-melrose-park-2
240,"['smallest', 'userCompLink']",0.0438,0,3,0.5638,http://www.yelp.com/list/burrito-mania-melrose-park-2
241,0,0.4681,0,2,0.5691,http://www.yelp.com/list/burrito-mania-melrose-park-2
242,0,0.125,0,0,0.5745,http://www.yelp.com/list/burrito-mania-melrose-park-2
243,['list_comment'],0.7204,1,3,0.5798,http://www.yelp.com/list/burrito-mania-melrose-park-2
244,"['review-intro', 'review-message']",0.4267,0,0,0.5851,http://www.yelp.com/list/burrito-mania-melrose-park-2
245,"['smallest', 'userCompLink']",0.0448,0,3,0.5904,http://www.yelp.com/list/burrito-mania-melrose-park-2
246,0,0.44,0,2,0.5957,http://www.yelp.com/list/burrito-mania-melrose-park-2
247,0,0.125,0,0,0.6011,http://www.yelp.com/list/burrito-mania-melrose-park-2
248,['list_comment'],0.7042,1,1,0.6064,http://www.yelp.com/list/burrito-mania-melrose-park-2
249,"['review-intro', 'review-message']",0.4267,0,0,0.6117,http://www.yelp.com/list/burrito-mania-melrose-park-2
250,"['smallest', 'userCompLink']",0.0433,0,3,0.617,http://www.yelp.com/list/burrito-mania-melrose-park-2
251,0,0.4444,0,2,0.6223,http://www.yelp.com/list/burrito-mania-melrose-park-2
252,0,0.125,0,0,0.6277,http://www.yelp.com/list/burrito-mania-melrose-park-2
253,['list_comment'],0.8923,1,0,0.633,http://www.yelp.com/list/burrito-mania-melrose-park-2
254,"['review-intro', 'review-message']",0.4267,0,0,0.6383,http://www.yelp.com/list/burrito-mania-melrose-park-2
255,['review_comment'],0.7056,0,1,0.6436,http://www.yelp.com/list/burrito-mania-melrose-park-2
256,"['smallest', 'userCompLink']",0.0441,0,3,0.6489,http://www.yelp.com/list/burrito-mania-melrose-park-2
257,0,0.4944,0,2,0.6543,http://www.yelp.com/list/burrito-mania-melrose-park-2
258,0,0.7941,0,0,0.6596,http://www.yelp.com/list/burrito-mania-melrose-park-2
259,['list_comment'],0.7263,1,1,0.6649,http://www.yelp.com/list/burrito-mania-melrose-park-2
260,"['review-intro', 'review-message']",0.4267,0,0,0.6702,http://www.yelp.com/list/burrito-mania-melrose-park-2
261,"['smallest', 'userCompLink']",0.0442,0,3,0.6755,http://www.yelp.com/list/burrito-mania-melrose-park-2
262,0,0.4944,0,2,0.6809,http://www.yelp.com/list/burrito-mania-melrose-park-2
263,0,0.7879,0,0,0.6862,http://www.yelp.com/list/burrito-mania-melrose-park-2
264,['list_comment'],0.7039,1,3,0.6915,http://www.yelp.com/list/burrito-mania-melrose-park-2
265,"['review-intro', 'review-message']",0.4267,0,0,0.6968,http://www.yelp.com/list/burrito-mania-melrose-park-2
266,['review_comment'],0.7082,0,1,0.7021,http://www.yelp.com/list/burrito-mania-melrose-park-2
267,"['smallest', 'userCompLink']",0.044,0,3,0.7074,http://www.yelp.com/list/burrito-mania-melrose-park-2
268,0,0.4944,0,2,0.7128,http://www.yelp.com/list/burrito-mania-melrose-park-2
269,0,0.7813,0,0,0.7181,http://www.yelp.com/list/burrito-mania-melrose-park-2
270,['list_comment'],0.7166,1,1,0.7234,http://www.yelp.com/list/burrito-mania-melrose-park-2
271,"['review-intro', 'review-message']",0.4267,0,0,0.7287,http://www.yelp.com/list/burrito-mania-melrose-park-2
272,"['smallest', 'userCompLink']",0.0439,0,3,0.734,http://www.yelp.com/list/burrito-mania-melrose-park-2
273,0,0.3849,0,4,0.7394,http://www.yelp.com/list/burrito-mania-melrose-park-2
274,0,0.125,0,0,0.7447,http://www.yelp.com/list/burrito-mania-melrose-park-2
275,['list_comment'],0.728,1,1,0.75,http://www.yelp.com/list/burrito-mania-melrose-park-2
276,"['review-intro', 'review-message']",0.4267,0,0,0.7553,http://www.yelp.com/list/burrito-mania-melrose-park-2
277,"['smallest', 'userCompLink']",0.0444,0,3,0.7606,http://www.yelp.com/list/burrito-mania-melrose-park-2
278,0,0.449,0,2,0.766,http://www.yelp.com/list/burrito-mania-melrose-park-2
279,0,0.125,0,0,0.7713,http://www.yelp.com/list/burrito-mania-melrose-park-2
280,['list_comment'],0.7324,1,1,0.7766,http://www.yelp.com/list/burrito-mania-melrose-park-2
281,"['review-intro', 'review-message']",0.4267,0,0,0.7819,http://www.yelp.com/list/burrito-mania-melrose-park-2
282,"['smallest', 'userCompLink']",0.0444,0,3,0.7872,http://www.yelp.com/list/burrito-mania-melrose-park-2
283,0,0.449,0,2,0.7926,http://www.yelp.com/list/burrito-mania-melrose-park-2
284,0,0.125,0,0,0.7979,http://www.yelp.com/list/burrito-mania-melrose-park-2
285,['list_comment'],0.7162,1,3,0.8032,http://www.yelp.com/list/burrito-mania-melrose-park-2
286,"['review-intro', 'review-message']",0.4267,0,0,0.8085,http://www.yelp.com/list/burrito-mania-melrose-park-2
287,"['smallest', 'userCompLink']",0.0446,0,3,0.8138,http://www.yelp.com/list/burrito-mania-melrose-park-2
288,0,0.4356,0,2,0.8191,http://www.yelp.com/list/burrito-mania-melrose-park-2
289,0,0.125,0,0,0.8245,http://www.yelp.com/list/burrito-mania-melrose-park-2
290,['list_comment'],0.7132,1,1,0.8298,http://www.yelp.com/list/burrito-mania-melrose-park-2
291,"['review-intro', 'review-message']",0.4267,0,0,0.8351,http://www.yelp.com/list/burrito-mania-melrose-park-2
292,"['smallest', 'userCompLink']",0.0436,0,3,0.8404,http://www.yelp.com/list/burrito-mania-melrose-park-2
293,0,0.4314,0,2,0.8457,http://www.yelp.com/list/burrito-mania-melrose-park-2
294,0,0.125,0,0,0.8511,http://www.yelp.com/list/burrito-mania-melrose-park-2
295,['list_comment'],0.7297,1,1,0.8564,http://www.yelp.com/list/burrito-mania-melrose-park-2
296,"['review-intro', 'review-message']",0.4267,0,0,0.8617,http://www.yelp.com/list/burrito-mania-melrose-park-2
297,"['smallest', 'userCompLink']",0.0443,0,3,0.867,http://www.yelp.com/list/burrito-mania-melrose-park-2
298,0,0.4632,0,2,0.8723,http://www.yelp.com/list/burrito-mania-melrose-park-2
299,0,0.125,0,0,0.8777,http://www.yelp.com/list/burrito-mania-melrose-park-2
300,['list_comment'],0.6997,1,3,0.883,http://www.yelp.com/list/burrito-mania-melrose-park-2
301,"['review-intro', 'review-message']",0.4267,0,0,0.8883,http://www.yelp.com/list/burrito-mania-melrose-park-2
302,"['smallest', 'userCompLink']",0.0439,0,3,0.8936,http://www.yelp.com/list/burrito-mania-melrose-park-2
303,0,0.44,0,2,0.8989,http://www.yelp.com/list/burrito-mania-melrose-park-2
304,0,0.125,0,0,0.9043,http://www.yelp.com/list/burrito-mania-melrose-park-2
305,['list_comment'],0.7358,1,0,0.9096,http://www.yelp.com/list/burrito-mania-melrose-park-2
306,"['review-intro', 'review-message']",0.4267,0,0,0.9149,http://www.yelp.com/list/burrito-mania-melrose-park-2
307,['review_comment'],0.6987,0,1,0.9202,http://www.yelp.com/list/burrito-mania-melrose-park-2
308,"['smallest', 'userCompLink']",0.0442,0,3,0.9255,http://www.yelp.com/list/burrito-mania-melrose-park-2
309,0,0.4944,0,2,0.9309,http://www.yelp.com/list/burrito-mania-melrose-park-2
310,0,0.7941,0,0,0.9362,http://www.yelp.com/list/burrito-mania-melrose-park-2
311,['list_comment'],0.7093,1,3,0.9415,http://www.yelp.com/list/burrito-mania-melrose-park-2
312,"['review-intro', 'review-message']",0.4267,0,0,0.9468,http://www.yelp.com/list/burrito-mania-melrose-park-2
313,"['smallest', 'userCompLink']",0.0444,0,3,0.9521,http://www.yelp.com/list/burrito-mania-melrose-park-2
314,0,0.7312,0,0,0.9574,http://www.yelp.com/list/burrito-mania-melrose-park-2
315,"['i-wrap', 'ig-wrap-user_social', 'i-review-votes-user_social-wrap', 'smaller']",0.2442,0,2,0.9628,http://www.yelp.com/list/burrito-mania-melrose-park-2
316,0,0.6111,0,0,0.9681,http://www.yelp.com/list/burrito-mania-melrose-park-2
317,0,0.65,0,0,0.9734,http://www.yelp.com/list/burrito-mania-melrose-park-2
318,0,0.5625,0,0,0.9787,http://www.yelp.com/list/burrito-mania-melrose-park-2
319,0,0.9125,1,0,0.984,http://www.yelp.com/list/burrito-mania-melrose-park-2
320,"['copyright', 'lesser-text']",0.2838,0,2,0.9894,http://www.yelp.com/list/burrito-mania-melrose-park-2
321,0,0.9628,0,0,0.9947,http://www.yelp.com/list/burrito-mania-melrose-park-2
322,0,0.4512,1,14,0.0,http://en.wikipedia.org/wiki/Blogger_(service)
323,0,0.0,0,0,0.04,http://en.wikipedia.org/wiki/Blogger_(service)
324,0,0.0,0,0,0.08,http://en.wikipedia.org/wiki/Blogger_(service)
325,0,0.6566,1,5,0.12,http://en.wikipedia.org/wiki/Blogger_(service)
326,0,0.6602,1,4,0.16,http://en.wikipedia.org/wiki/Blogger_(service)
327,0,0.6749,1,1,0.2,http://en.wikipedia.org/wiki/Blogger_(service)
328,0,0.5582,1,4,0.24,http://en.wikipedia.org/wiki/Blogger_(service)
329,0,0.4648,1,2,0.28,http://en.wikipedia.org/wiki/Blogger_(service)
330,0,0.566,1,2,0.32,http://en.wikipedia.org/wiki/Blogger_(service)
331,0,0.59,1,1,0.36,http://en.wikipedia.org/wiki/Blogger_(service)
332,0,0.9884,1,0,0.4,http://en.wikipedia.org/wiki/Blogger_(service)
333,0,0.8243,1,2,0.44,http://en.wikipedia.org/wiki/Blogger_(service)
334,0,0.5459,1,6,0.48,http://en.wikipedia.org/wiki/Blogger_(service)
335,0,0.9736,1,0,0.52,http://en.wikipedia.org/wiki/Blogger_(service)
336,0,0.5347,1,4,0.56,http://en.wikipedia.org/wiki/Blogger_(service)
337,0,0.6324,1,2,0.6,http://en.wikipedia.org/wiki/Blogger_(service)
338,0,0.6251,1,4,0.64,http://en.wikipedia.org/wiki/Blogger_(service)
339,0,0.9195,1,0,0.68,http://en.wikipedia.org/wiki/Blogger_(service)
340,0,0.566,1,2,0.72,http://en.wikipedia.org/wiki/Blogger_(service)
341,0,0.465,1,1,0.76,http://en.wikipedia.org/wiki/Blogger_(service)
342,0,0.484,1,3,0.8,http://en.wikipedia.org/wiki/Blogger_(service)
343,0,0.8679,1,0,0.84,http://en.wikipedia.org/wiki/Blogger_(service)
344,0,0.8217,1,1,0.88,http://en.wikipedia.org/wiki/Blogger_(service)
345,0,0.9521,1,0,0.92,http://en.wikipedia.org/wiki/Blogger_(service)
346,0,0.4471,1,2,0.96,http://en.wikipedia.org/wiki/Blogger_(service)
347,0,0.523,1,5,0.0,http://blog.etechparts.com/
348,0,0.125,0,0,0.0069,http://blog.etechparts.com/
349,0,0.0,0,1,0.0138,http://blog.etechparts.com/
350,0,0.125,0,0,0.0207,http://blog.etechparts.com/
351,0,0.626,1,2,0.0276,http://blog.etechparts.com/
352,0,0.8595,1,2,0.0345,http://blog.etechparts.com/
353,0,0.6916,1,1,0.0414,http://blog.etechparts.com/
354,0,0.8583,1,1,0.0483,http://blog.etechparts.com/
355,0,0.0,0,1,0.0552,http://blog.etechparts.com/
356,0,0.125,0,0,0.0621,http://blog.etechparts.com/
357,0,0.9774,1,0,0.069,http://blog.etechparts.com/
358,0,0.9743,1,0,0.0759,http://blog.etechparts.com/
359,0,0.125,0,0,0.0828,http://blog.etechparts.com/
360,0,0.125,0,0,0.0897,http://blog.etechparts.com/
361,0,0.6499,0,2,0.0966,http://blog.etechparts.com/
362,0,0.04,0,1,0.1034,http://blog.etechparts.com/
363,0,0.7,1,2,0.1103,http://blog.etechparts.com/
364,0,0.125,0,0,0.1172,http://blog.etechparts.com/
365,0,0.98,1,0,0.1241,http://blog.etechparts.com/
366,0,0.7783,1,2,0.131,http://blog.etechparts.com/
367,0,0.04,0,1,0.1379,http://blog.etechparts.com/
368,0,0.6936,1,3,0.1448,http://blog.etechparts.com/
369,0,0.04,0,1,0.1517,http://blog.etechparts.com/
370,0,0.8012,1,1,0.1586,http://blog.etechparts.com/
371,0,0.268,1,2,0.1655,http://blog.etechparts.com/
372,0,0.125,0,0,0.1724,http://blog.etechparts.com/
373,0,0.8231,1,2,0.1793,http://blog.etechparts.com/
374,0,0.125,0,0,0.1862,http://blog.etechparts.com/
375,0,0.9671,1,0,0.1931,http://blog.etechparts.com/
376,0,0.125,0,0,0.2,http://blog.etechparts.com/
377,0,0.125,0,0,0.2069,http://blog.etechparts.com/
378,0,0.7169,1,1,0.2138,http://blog.etechparts.com/
379,0,0.125,0,0,0.2207,http://blog.etechparts.com/
380,0,0.125,0,0,0.2276,http://blog.etechparts.com/
381,0,0.9722,1,0,0.2345,http://blog.etechparts.com/
382,0,0.9833,1,0,0.2414,http://blog.etechparts.com/
383,0,0.125,0,0,0.2483,http://blog.etechparts.com/
384,0,0.0,0,1,0.2552,http://blog.etechparts.com/
385,0,0.125,0,0,0.2621,http://blog.etechparts.com/
386,0,0.982,1,0,0.269,http://blog.etechparts.com/
387,0,0.9841,1,0,0.2759,http://blog.etechparts.com/
388,0,0.125,0,0,0.2828,http://blog.etechparts.com/
389,0,0.125,0,0,0.2897,http://blog.etechparts.com/
390,0,0.874,1,1,0.2966,http://blog.etechparts.com/
391,0,0.125,0,0,0.3034,http://blog.etechparts.com/
392,0,0.125,0,0,0.3103,http://blog.etechparts.com/
393,0,0.0,0,1,0.3172,http://blog.etechparts.com/
394,0,0.04,0,1,0.3241,http://blog.etechparts.com/
395,0,0.8699,1,1,0.331,http://blog.etechparts.com/
396,0,0.04,0,1,0.3379,http://blog.etechparts.com/
397,0,0.4282,0,6,0.3448,http://blog.etechparts.com/
398,0,0.125,0,0,0.3517,http://blog.etechparts.com/
399,0,0.0,0,1,0.3586,http://blog.etechparts.com/
400,0,0.125,0,0,0.3655,http://blog.etechparts.com/
401,0,0.4464,0,6,0.3724,http://blog.etechparts.com/
402,0,0.04,0,1,0.3793,http://blog.etechparts.com/
403,0,0.5461,0,4,0.3862,http://blog.etechparts.com/
404,0,0.125,0,0,0.3931,http://blog.etechparts.com/
405,0,0.6959,0,5,0.4,http://blog.etechparts.com/
406,0,0.6884,0,1,0.4069,http://blog.etechparts.com/
407,0,0.9707,0,0,0.4138,http://blog.etechparts.com/
408,0,0.517,0,1,0.4207,http://blog.etechparts.com/
409,0,0.0,0,1,0.4276,http://blog.etechparts.com/
410,0,0.9702,1,1,0.4345,http://blog.etechparts.com/
411,0,0.9793,0,0,0.4414,http://blog.etechparts.com/
412,0,0.125,0,0,0.4483,http://blog.etechparts.com/
413,0,0.125,0,0,0.4552,http://blog.etechparts.com/
414,0,0.04,0,1,0.4621,http://blog.etechparts.com/
415,0,0.6923,0,1,0.469,http://blog.etechparts.com/
416,0,0.5458,0,1,0.4759,http://blog.etechparts.com/
417,0,0.6962,0,1,0.4828,http://blog.etechparts.com/
418,0,0.125,0,0,0.4897,http://blog.etechparts.com/
419,0,0.6603,1,3,0.4966,http://blog.etechparts.com/
420,0,0.5267,0,5,0.5034,http://blog.etechparts.com/
421,0,0.9646,1,0,0.5103,http://blog.etechparts.com/
422,0,0.9673,1,0,0.5172,http://blog.etechparts.com/
423,0,0.9825,1,0,0.5241,http://blog.etechparts.com/
424,0,0.7407,0,0,0.531,http://blog.etechparts.com/
425,0,0.125,0,0,0.5379,http://blog.etechparts.com/
426,0,0.0069,0,2,0.5448,http://blog.etechparts.com/
427,0,0.9344,1,1,0.5517,http://blog.etechparts.com/
428,0,0.04,0,1,0.5586,http://blog.etechparts.com/
429,0,0.125,0,0,0.5655,http://blog.etechparts.com/
430,0,0.7793,1,1,0.5724,http://blog.etechparts.com/
431,0,0.9761,1,0,0.5793,http://blog.etechparts.com/
432,0,0.125,0,0,0.5862,http://blog.etechparts.com/
433,0,0.9837,1,0,0.5931,http://blog.etechparts.com/
434,0,0.9739,1,0,0.6,http://blog.etechparts.com/
435,0,0.125,0,0,0.6069,http://blog.etechparts.com/
436,0,0.04,0,1,0.6138,http://blog.etechparts.com/
437,0,0.125,0,0,0.6207,http://blog.etechparts.com/
438,0,0.9813,1,0,0.6276,http://blog.etechparts.com/
439,0,0.9493,1,0,0.6345,http://blog.etechparts.com/
440,0,0.982,1,0,0.6414,http://blog.etechparts.com/
441,0,0.125,0,0,0.6483,http://blog.etechparts.com/
442,0,0.9662,1,0,0.6552,http://blog.etechparts.com/
443,0,0.9689,1,0,0.6621,http://blog.etechparts.com/
444,0,0.125,0,0,0.669,http://blog.etechparts.com/
445,0,0.04,0,1,0.6759,http://blog.etechparts.com/
446,0,0.125,0,0,0.6828,http://blog.etechparts.com/
447,0,0.8155,1,2,0.6897,http://blog.etechparts.com/
448,0,0.125,0,0,0.6966,http://blog.etechparts.com/
449,0,0.0554,0,2,0.7034,http://blog.etechparts.com/
450,0,0.125,0,0,0.7103,http://blog.etechparts.com/
451,0,0.9855,1,0,0.7172,http://blog.etechparts.com/
452,0,0.125,0,0,0.7241,http://blog.etechparts.com/
453,0,0.8318,1,1,0.731,http://blog.etechparts.com/
454,0,0.125,0,0,0.7379,http://blog.etechparts.com/
455,0,0.3863,0,5,0.7448,http://blog.etechparts.com/
456,0,0.7576,0,1,0.7517,http://blog.etechparts.com/
457,0,0.9697,1,0,0.7586,http://blog.etechparts.com/
458,0,0.105,0,2,0.7655,http://blog.etechparts.com/
459,0,0.125,0,0,0.7724,http://blog.etechparts.com/
460,0,0.986,1,0,0.7793,http://blog.etechparts.com/
461,0,0.125,0,0,0.7862,http://blog.etechparts.com/
462,0,0.6204,0,2,0.7931,http://blog.etechparts.com/
463,0,0.125,0,0,0.8,http://blog.etechparts.com/
464,0,0.9859,1,0,0.8069,http://blog.etechparts.com/
465,0,0.125,0,0,0.8138,http://blog.etechparts.com/
466,0,0.8355,1,1,0.8207,http://blog.etechparts.com/
467,0,0.125,0,0,0.8276,http://blog.etechparts.com/
468,0,0.0,0,1,0.8345,http://blog.etechparts.com/
469,0,0.125,0,0,0.8414,http://blog.etechparts.com/
470,0,0.5932,0,1,0.8483,http://blog.etechparts.com/
471,0,0.125,0,0,0.8552,http://blog.etechparts.com/
472,0,0.7511,1,2,0.8621,http://blog.etechparts.com/
473,0,0.125,0,0,0.869,http://blog.etechparts.com/
474,0,0.92,1,1,0.8759,http://blog.etechparts.com/
475,0,0.125,0,0,0.8828,http://blog.etechparts.com/
476,0,0.721,1,2,0.8897,http://blog.etechparts.com/
477,0,0.125,0,0,0.8966,http://blog.etechparts.com/
478,0,0.7303,1,1,0.9034,http://blog.etechparts.com/
479,0,0.125,0,0,0.9103,http://blog.etechparts.com/
480,0,0.7991,1,2,0.9172,http://blog.etechparts.com/
481,0,0.125,0,0,0.9241,http://blog.etechparts.com/
482,0,0.6464,0,4,0.931,http://blog.etechparts.com/
483,0,0.93,0,0,0.9379,http://blog.etechparts.com/
484,0,0.0,0,1,0.9448,http://blog.etechparts.com/
485,0,0.0186,0,7,0.9517,http://blog.etechparts.com/
486,0,0.2108,0,3,0.9586,http://blog.etechparts.com/
487,0,0.86,0,0,0.9655,http://blog.etechparts.com/
488,0,0.0,0,0,0.9724,http://blog.etechparts.com/
489,['bit-follow-count'],0.4182,0,0,0.9793,http://blog.etechparts.com/
490,0,0.0,0,1,0.9862,http://blog.etechparts.com/
491,0,0.0,0,1,0.9931,http://blog.etechparts.com/
492,['category_crumbs'],0.1962,0,3,0.0,http://insidetech.monster.com/benefits/articles/8537-10-best-tech-blogs
493,0,0.7879,0,0,0.0769,http://insidetech.monster.com/benefits/articles/8537-10-best-tech-blogs
494,0,0.9637,1,0,0.1538,http://insidetech.monster.com/benefits/articles/8537-10-best-tech-blogs
495,0,0.8353,1,1,0.2308,http://insidetech.monster.com/benefits/articles/8537-10-best-tech-blogs
496,0,0.7231,1,1,0.3077,http://insidetech.monster.com/benefits/articles/8537-10-best-tech-blogs
497,0,0.9815,1,0,0.3846,http://insidetech.monster.com/benefits/articles/8537-10-best-tech-blogs
498,0,0.6561,1,2,0.4615,http://insidetech.monster.com/benefits/articles/8537-10-best-tech-blogs
499,0,0.9029,1,1,0.5385,http://insidetech.monster.com/benefits/articles/8537-10-best-tech-blogs
500,0,0.7307,1,1,0.6154,http://insidetech.monster.com/benefits/articles/8537-10-best-tech-blogs
501,0,0.8969,1,2,0.6923,http://insidetech.monster.com/benefits/articles/8537-10-best-tech-blogs
502,0,0.0,0,0,0.7692,http://insidetech.monster.com/benefits/articles/8537-10-best-tech-blogs
503,['schoolfinder_copy'],0.8177,0,0,0.8462,http://insidetech.monster.com/benefits/articles/8537-10-best-tech-blogs
504,0,0.1122,0,2,0.9231,http://insidetech.monster.com/benefits/articles/8537-10-best-tech-blogs
505,0,0.7178,1,1,0.0,http://www.rapidfiretools.com/
506,0,0.5895,0,1,0.5,http://www.rapidfiretools.com/
507,0,0.9994,0,0,0.0,http://rapidfirevolleyball.com/
508,"['uh-dmos-Helvetica', 'uh-dmos-alertText']",0.1807,0,1,0.0,http://news.yahoo.com/brutus-giant-crocodile-attacks-shark-australia-063616231.html
509,0,0.3556,0,0,0.04,http://news.yahoo.com/brutus-giant-crocodile-attacks-shark-australia-063616231.html
510,['uh-dmos-Helvetica'],0.3208,0,0,0.08,http://news.yahoo.com/brutus-giant-crocodile-attacks-shark-australia-063616231.html
511,['uh-dmos-Helvetica'],0.2768,0,0,0.12,http://news.yahoo.com/brutus-giant-crocodile-attacks-shark-australia-063616231.html
512,"['uh-dmos-Helvetica', 'uh-dmos-confirmation']",0.29,0,1,0.16,http://news.yahoo.com/brutus-giant-crocodile-attacks-shark-australia-063616231.html
513,"['cta-text', 'large']",0.2857,0,0,0.2,http://news.yahoo.com/brutus-giant-crocodile-attacks-shark-australia-063616231.html
514,0,0.96,1,0,0.24,http://news.yahoo.com/brutus-giant-crocodile-attacks-shark-australia-063616231.html
515,0,0.9626,1,0,0.28,http://news.yahoo.com/brutus-giant-crocodile-attacks-shark-australia-063616231.html
516,0,0.963,1,0,0.32,http://news.yahoo.com/brutus-giant-crocodile-attacks-shark-australia-063616231.html
517,0,0.2704,0,1,0.36,http://news.yahoo.com/brutus-giant-crocodile-attacks-shark-australia-063616231.html
518,0,0.9602,0,0,0.4,http://news.yahoo.com/brutus-giant-crocodile-attacks-shark-australia-063616231.html
519,0,0.9391,1,0,0.44,http://news.yahoo.com/brutus-giant-crocodile-attacks-shark-australia-063616231.html
520,0,0.9263,1,0,0.48,http://news.yahoo.com/brutus-giant-crocodile-attacks-shark-australia-063616231.html
521,0,0.9655,1,0,0.52,http://news.yahoo.com/brutus-giant-crocodile-attacks-shark-australia-063616231.html
522,0,0.9593,1,0,0.56,http://news.yahoo.com/brutus-giant-crocodile-attacks-shark-australia-063616231.html
523,0,0.9613,1,0,0.6,http://news.yahoo.com/brutus-giant-crocodile-attacks-shark-australia-063616231.html
524,0,0.8704,1,0,0.64,http://news.yahoo.com/brutus-giant-crocodile-attacks-shark-australia-063616231.html
525,0,0.9551,1,0,0.68,http://news.yahoo.com/brutus-giant-crocodile-attacks-shark-australia-063616231.html
526,0,0.9421,1,0,0.72,http://news.yahoo.com/brutus-giant-crocodile-attacks-shark-australia-063616231.html
527,0,0.9327,1,0,0.76,http://news.yahoo.com/brutus-giant-crocodile-attacks-shark-australia-063616231.html
528,0,0.9581,1,0,0.8,http://news.yahoo.com/brutus-giant-crocodile-attacks-shark-australia-063616231.html
529,0,0.947,1,0,0.84,http://news.yahoo.com/brutus-giant-crocodile-attacks-shark-australia-063616231.html
530,0,0.9426,1,0,0.88,http://news.yahoo.com/brutus-giant-crocodile-attacks-shark-australia-063616231.html
531,0,0.3684,0,1,0.92,http://news.yahoo.com/brutus-giant-crocodile-attacks-shark-australia-063616231.html
532,0,0.0,0,1,0.96,http://news.yahoo.com/brutus-giant-crocodile-attacks-shark-australia-063616231.html
533,0,0.0,0,1,0.0,http://www.bbc.com/news/world-asia-28670568
534,0,0.6,0,1,0.0256,http://www.bbc.com/news/world-asia-28670568
535,0,0.7176,0,1,0.0513,http://www.bbc.com/news/world-asia-28670568
536,['introduction'],0.7302,1,0,0.1026,http://www.bbc.com/news/world-asia-28670568
537,0,0.9352,1,0,0.1282,http://www.bbc.com/news/world-asia-28670568
538,0,0.9157,1,0,0.1538,http://www.bbc.com/news/world-asia-28670568
539,0,0.9563,1,0,0.1795,http://www.bbc.com/news/world-asia-28670568
540,0,0.9683,1,0,0.2051,http://www.bbc.com/news/world-asia-28670568
541,0,0.9652,1,0,0.2308,http://www.bbc.com/news/world-asia-28670568
542,0,0.8852,1,0,0.2564,http://www.bbc.com/news/world-asia-28670568
543,0,0.9662,1,0,0.2821,http://www.bbc.com/news/world-asia-28670568
544,0,0.9573,1,0,0.3077,http://www.bbc.com/news/world-asia-28670568
545,0,0.9386,1,0,0.3333,http://www.bbc.com/news/world-asia-28670568
546,0,0.9286,1,0,0.359,http://www.bbc.com/news/world-asia-28670568
547,0,0.932,1,0,0.3846,http://www.bbc.com/news/world-asia-28670568
548,0,0.951,1,0,0.4103,http://www.bbc.com/news/world-asia-28670568
549,0,0.9407,1,0,0.4359,http://www.bbc.com/news/world-asia-28670568
550,0,0.9744,1,0,0.4615,http://www.bbc.com/news/world-asia-28670568
551,0,0.98,1,0,0.4872,http://www.bbc.com/news/world-asia-28670568
552,0,0.9805,1,0,0.5128,http://www.bbc.com/news/world-asia-28670568
553,0,0.9728,1,0,0.5385,http://www.bbc.com/news/world-asia-28670568
554,0,0.9588,1,0,0.5641,http://www.bbc.com/news/world-asia-28670568
555,0,0.9694,1,0,0.5897,http://www.bbc.com/news/world-asia-28670568
556,0,0.9478,1,0,0.6154,http://www.bbc.com/news/world-asia-28670568
557,0,0.3956,0,1,0.641,http://www.bbc.com/news/world-asia-28670568
558,0,0.9054,1,0,0.6667,http://www.bbc.com/news/world-asia-28670568
559,0,0.9611,1,0,0.6923,http://www.bbc.com/news/world-asia-28670568
560,0,0.9557,1,0,0.7179,http://www.bbc.com/news/world-asia-28670568
561,0,0.9527,1,0,0.7436,http://www.bbc.com/news/world-asia-28670568
562,0,0.9485,1,0,0.7692,http://www.bbc.com/news/world-asia-28670568
563,0,0.3736,0,1,0.7949,http://www.bbc.com/news/world-asia-28670568
564,0,0.3512,0,1,0.8205,http://www.bbc.com/news/world-asia-28670568
565,0,0.3663,0,1,0.8462,http://www.bbc.com/news/world-asia-28670568
566,0,0.3626,0,1,0.8718,http://www.bbc.com/news/world-asia-28670568
567,0,0.9186,0,0,0.8974,http://www.bbc.com/news/world-asia-28670568
568,0,0.9307,0,0,0.9231,http://www.bbc.com/news/world-asia-28670568
569,0,0.4462,0,2,0.9487,http://www.bbc.com/news/world-asia-28670568
570,0,0.9318,0,1,0.9744,http://www.bbc.com/news/world-asia-28670568
571,0,0.9303,1,2,0.0,http://www.wired.com/2012/04/can-an-algorithm-write-a-better-news-story-than-a-human-reporter/
572,0,0.863,0,2,0.0455,http://www.wired.com/2012/04/can-an-algorithm-write-a-better-news-story-than-a-human-reporter/
573,0,0.0,0,0,0.0909,http://www.wired.com/2012/04/can-an-algorithm-write-a-better-news-story-than-a-human-reporter/
574,['wp-caption-text'],0.5,0,0,0.1364,http://www.wired.com/2012/04/can-an-algorithm-write-a-better-news-story-than-a-human-reporter/
575,0,0.8053,1,3,0.1818,http://www.wired.com/2012/04/can-an-algorithm-write-a-better-news-story-than-a-human-reporter/
576,0,0.0082,0,1,0.2273,http://www.wired.com/2012/04/can-an-algorithm-write-a-better-news-story-than-a-human-reporter/
577,0,0.125,0,0,0.2727,http://www.wired.com/2012/04/can-an-algorithm-write-a-better-news-story-than-a-human-reporter/
578,0,0.1875,0,1,0.3182,http://www.wired.com/2012/04/can-an-algorithm-write-a-better-news-story-than-a-human-reporter/
579,0,0.7083,0,0,0.3636,http://www.wired.com/2012/04/can-an-algorithm-write-a-better-news-story-than-a-human-reporter/
580,0,0.9913,1,0,0.4091,http://www.wired.com/2012/04/can-an-algorithm-write-a-better-news-story-than-a-human-reporter/
581,0,0.8793,1,0,0.4545,http://www.wired.com/2012/04/can-an-algorithm-write-a-better-news-story-than-a-human-reporter/
582,0,0.9554,1,1,0.5,http://www.wired.com/2012/04/can-an-algorithm-write-a-better-news-story-than-a-human-reporter/
583,0,0.9857,1,0,0.5455,http://www.wired.com/2012/04/can-an-algorithm-write-a-better-news-story-than-a-human-reporter/
584,0,0.8942,1,1,0.5909,http://www.wired.com/2012/04/can-an-algorithm-write-a-better-news-story-than-a-human-reporter/
585,0,0.9364,1,0,0.6364,http://www.wired.com/2012/04/can-an-algorithm-write-a-better-news-story-than-a-human-reporter/
586,0,0.0,0,1,0.6818,http://www.wired.com/2012/04/can-an-algorithm-write-a-better-news-story-than-a-human-reporter/
587,0,0.9823,1,0,0.7273,http://www.wired.com/2012/04/can-an-algorithm-write-a-better-news-story-than-a-human-reporter/
588,0,0.9797,1,0,0.7727,http://www.wired.com/2012/04/can-an-algorithm-write-a-better-news-story-than-a-human-reporter/
589,0,0.936,1,3,0.8182,http://www.wired.com/2012/04/can-an-algorithm-write-a-better-news-story-than-a-human-reporter/
590,0,0.9614,1,1,0.8636,http://www.wired.com/2012/04/can-an-algorithm-write-a-better-news-story-than-a-human-reporter/
591,0,0.346,0,5,0.9091,http://www.wired.com/2012/04/can-an-algorithm-write-a-better-news-story-than-a-human-reporter/
592,0,0.6527,0,1,0.9545,http://www.wired.com/2012/04/can-an-algorithm-write-a-better-news-story-than-a-human-reporter/
